predict,p0,p1,Age,Attrition,BusinessTravel,DistanceFromHome,Education,EnvironmentSatisfaction,Gender,JobInvolvement,JobLevel,JobSatisfaction,MaritalStatus,MonthlyIncome,NumCompaniesWorked,OverTime,PercentSalaryHike,PerformanceRating,RelationshipSatisfaction,StockOptionLevel,TotalWorkingYears,TrainingTimesLastYear,WorkLifeBalance,YearsAtCompany,YearsInCurrentRole,YearsSinceLastPromotion,YearsWithCurrManager,Dept-Human Resouces,Dept-Research & Development,Dept-Sales,EducationField-Human Resources,EducationField-Life Sciences,EducationField-Marketing,EducationField-Medical,EducationField-Other,EducationField-Technical Degree,Healthcare Representative,Human Resources,Laboratory Technician,Manager,Manufacturing Director,Research Director,Research Scientist,Sales Executive,Sales Representative
0,0.9435768967109044,0.05642310328909572,36,0,1,10,4,2,1,3,3,4,1,9980,1,0,14,3,4,0,10,3,2,10,3,9,7,0,0,1,0,0,0,1,0,0,0,0,0,0,0,0,0,1,0
0,0.9546194271521312,0.0453805728478688,33,0,2,25,3,4,1,2,2,2,1,4320,1,0,13,3,4,0,5,2,3,5,3,0,2,0,1,0,0,1,0,0,0,0,0,0,0,0,1,0,0,0,0
1,0.6712851588799864,0.32871484112001353,35,1,3,18,4,4,0,3,2,3,3,4614,0,1,18,3,3,1,5,0,2,4,2,3,2,0,0,1,0,0,1,0,0,0,0,0,0,0,0,0,0,1,0
0,0.931753084776756,0.0682469152232439,40,0,2,20,4,1,1,3,3,4,3,10322,4,0,20,4,4,1,14,6,3,11,10,11,1,0,1,0,0,0,0,0,0,1,1,0,0,0,0,0,0,0,0
1,0.03447062734742734,0.9655293726525728,29,1,3,24,2,4,1,2,1,4,1,2439,1,1,24,4,2,0,1,3,2,1,0,1,0,0,1,0,0,1,0,0,0,0,0,0,0,0,0,0,1,0,0
0,0.8972480639071876,0.10275193609281247,30,0,3,3,3,3,0,3,1,3,2,2083,1,0,20,4,3,1,1,2,3,1,0,0,0,0,1,0,0,0,0,1,0,0,0,0,0,0,0,0,1,0,0
1,0.43910124946760176,0.5608987505323982,34,1,2,24,4,1,0,2,2,2,1,4599,0,1,23,4,3,0,16,2,4,15,9,10,10,0,0,1,0,0,0,1,0,0,0,0,0,0,0,0,0,1,0
0,0.9299103083942408,0.07008969160575912,33,0,1,2,3,4,0,3,2,2,1,5147,8,0,15,3,4,0,13,2,2,11,7,1,7,0,0,1,0,0,1,0,0,0,0,0,0,0,0,0,0,1,0
0,0.9684270251092334,0.03157297489076661,50,0,1,1,3,4,0,3,2,3,3,6347,0,0,12,3,1,1,19,3,3,18,7,0,13,0,0,1,0,1,0,0,0,0,0,0,0,0,0,0,0,1,0
0,0.8845094636222653,0.11549053637773465,56,1,2,14,4,2,0,3,1,2,3,4963,9,1,18,3,1,3,7,2,3,5,4,4,3,0,1,0,0,1,0,0,0,0,0,0,0,0,0,0,1,0,0
0,0.9484830081376668,0.05151699186233316,45,0,2,20,2,3,1,3,4,4,3,13496,0,1,14,3,2,0,21,2,3,20,7,4,10,0,1,0,0,0,0,1,0,0,1,0,0,0,0,0,0,0,0
0,0.9216389249282724,0.07836107507172756,39,1,2,23,3,3,1,3,1,1,1,3904,0,0,13,3,1,0,6,2,3,5,2,0,3,0,1,0,0,0,0,1,0,0,0,0,0,0,0,0,1,0,0
0,0.9593813023842046,0.04061869761579536,29,0,3,2,1,1,1,3,2,4,2,8853,1,0,19,3,4,1,6,0,4,6,4,1,3,0,1,0,0,1,0,0,0,0,1,0,0,0,0,0,0,0,0
1,0.11125482852276658,0.8887451714772334,28,1,2,1,2,1,0,1,1,2,1,2216,7,1,13,3,4,0,10,4,3,7,7,3,7,0,1,0,0,1,0,0,0,0,0,0,0,0,0,0,1,0,0
0,0.9284105961407574,0.07158940385924258,45,0,2,20,3,2,1,1,3,1,2,10851,2,1,18,3,2,1,24,2,3,7,7,0,7,0,1,0,0,0,0,1,0,0,1,0,0,0,0,0,0,0,0
0,0.9640994017126192,0.035900598287380694,34,0,2,2,4,4,1,2,1,3,2,2768,3,0,12,3,3,1,14,3,3,7,3,5,7,0,1,0,0,1,0,0,0,0,0,0,0,0,0,0,1,0,0
0,0.9355751270483093,0.06442487295169083,34,0,3,3,1,1,1,3,2,4,1,7756,0,0,17,3,3,0,7,1,2,6,2,0,4,0,1,0,0,1,0,0,0,0,1,0,0,0,0,0,0,0,0
0,0.9594027221854105,0.040597277814589584,22,1,2,3,1,2,0,3,2,3,3,4171,0,1,19,3,1,1,4,3,4,3,2,0,2,0,1,0,0,1,0,0,0,0,0,0,0,0,1,0,0,0,0
0,0.9609580669338472,0.03904193306615267,36,0,2,10,4,4,0,3,3,3,3,7094,3,0,12,3,1,0,10,0,3,7,7,1,7,0,1,0,0,0,0,0,0,1,1,0,0,0,0,0,0,0,0
0,0.8111351228202076,0.1888648771797924,48,0,2,15,4,3,0,3,1,1,3,2367,8,0,12,3,4,1,10,3,2,8,2,7,6,0,1,0,0,0,0,0,1,0,0,0,0,0,0,0,1,0,0
1,0.661344282400371,0.3386557175996289,19,0,2,9,2,3,1,3,1,1,1,2552,1,0,25,4,3,0,1,4,3,1,1,0,0,0,1,0,0,1,0,0,0,0,0,0,0,0,0,0,1,0,0
0,0.9517551021716316,0.04824489782836828,43,0,2,6,3,1,0,2,5,3,3,19392,7,0,13,3,4,0,21,2,3,16,12,6,14,0,1,0,0,0,0,1,0,0,0,0,0,1,0,0,0,0,0
0,0.9637472696779608,0.03625273032203921,32,0,2,3,4,3,0,3,2,1,3,6725,1,0,12,3,3,1,8,2,4,8,7,6,3,0,1,0,0,0,0,1,0,0,0,0,0,0,1,0,0,0,0
0,0.9550126195649944,0.0449873804350056,43,0,3,15,3,4,1,2,2,4,3,6804,3,0,18,3,3,1,7,5,3,2,2,2,2,0,0,1,0,1,0,0,0,0,0,0,0,0,0,0,0,1,0
1,0.15232875022116987,0.8476712497788301,26,0,2,23,3,3,0,2,2,4,3,4157,7,1,19,3,3,1,5,2,2,2,2,0,0,0,0,1,0,0,1,0,0,0,0,0,0,0,0,0,0,1,0
1,0.6594162372193374,0.3405837627806626,32,0,2,8,2,3,0,2,2,2,3,5228,1,1,11,3,4,0,13,2,3,13,12,11,9,0,0,1,0,0,0,0,0,1,0,0,0,0,0,0,0,1,0
0,0.9540547321612332,0.04594526783876685,49,0,2,25,4,3,0,3,1,1,3,3211,1,0,14,3,4,1,10,3,2,9,6,1,4,0,1,0,0,1,0,0,0,0,0,0,1,0,0,0,0,0,0
0,0.9534099082846031,0.04659009171539676,46,0,2,2,3,3,1,3,3,4,2,10368,4,1,12,3,2,1,13,5,2,10,6,0,3,0,0,1,0,1,0,0,0,0,0,0,0,0,0,0,0,1,0
1,0.06666566280792996,0.9333343371920699,21,0,2,5,1,3,1,3,1,1,1,2380,1,1,11,3,4,0,2,6,3,2,2,1,2,0,0,1,0,0,0,1,0,0,0,0,0,0,0,0,0,0,1
0,0.9590472716337796,0.040952728366220284,48,0,2,2,1,2,1,4,2,2,3,8120,3,0,12,3,4,0,12,3,3,2,2,2,2,0,0,1,0,0,1,0,0,0,0,0,0,0,0,0,0,1,0
0,0.9673600358750584,0.03263996412494149,34,0,2,2,4,3,0,3,2,4,1,6687,1,0,11,3,4,0,14,2,4,14,11,4,11,0,1,0,0,0,0,0,0,1,1,0,0,0,0,0,0,0,0
0,0.8815074339196213,0.11849256608037875,36,0,3,2,1,2,1,2,2,4,1,3886,1,0,21,4,4,0,10,2,2,10,1,0,8,1,0,0,1,0,0,0,0,0,0,1,0,0,0,0,0,0,0
0,0.8629087930204954,0.13709120697950464,46,0,3,18,1,1,0,3,3,3,3,10527,5,0,11,3,4,0,28,3,2,2,2,1,2,0,1,0,0,0,0,1,0,0,1,0,0,0,0,0,0,0,0
0,0.9301787680702438,0.0698212319297562,58,1,2,7,4,3,0,2,3,1,3,10008,7,1,14,3,4,0,31,0,2,10,9,5,9,0,1,0,0,0,0,1,0,0,0,0,0,0,1,0,0,0,0
0,0.9585567704927253,0.041443229507274915,44,0,2,10,4,4,1,3,2,4,3,6465,2,1,13,3,4,0,9,5,4,4,2,1,3,0,1,0,0,0,0,0,1,0,1,0,0,0,0,0,0,0,0
0,0.963427775822952,0.03657222417704786,29,0,2,3,4,2,1,2,3,3,3,11935,1,0,18,3,3,0,10,2,3,10,2,0,7,0,1,0,0,0,0,1,0,0,0,0,0,0,0,1,0,0,0
0,0.8837276143635817,0.11627238563641827,39,0,2,24,1,2,0,2,4,4,3,12031,0,0,11,3,1,1,21,2,2,20,9,9,6,0,0,1,0,0,1,0,0,0,0,0,0,0,0,0,0,1,0
0,0.9374666711264542,0.06253332887354597,23,0,2,12,2,4,1,3,1,4,1,2647,1,0,13,3,3,0,5,6,4,5,2,1,4,0,1,0,0,0,0,0,1,0,0,0,1,0,0,0,0,0,0
0,0.9573094285492296,0.04269057145077028,46,1,2,9,2,3,1,2,3,4,1,9619,1,0,16,3,4,0,9,3,3,9,8,4,7,0,0,1,0,0,0,1,0,0,0,0,0,0,0,0,0,1,0
0,0.9032403990359628,0.09675960096403724,36,0,3,18,4,3,1,4,1,4,3,3688,4,0,18,3,4,2,4,2,3,1,0,0,0,0,1,0,0,1,0,0,0,0,0,0,1,0,0,0,0,0,0
0,0.9612217556133064,0.03877824438669365,44,0,2,29,4,4,1,3,2,4,1,4541,1,0,25,4,2,0,20,3,3,20,11,13,17,0,1,0,0,0,0,0,1,0,0,0,0,0,0,0,1,0,0
0,0.963501029580864,0.03649897041913593,34,0,2,13,4,4,1,3,3,3,2,8628,1,0,18,3,3,1,9,2,2,8,7,1,1,0,0,1,0,0,0,1,0,0,0,0,0,0,0,0,0,1,0
0,0.9672660731612404,0.03273392683875967,38,0,2,10,3,2,0,1,3,3,3,13206,3,0,12,3,1,1,20,3,3,18,16,1,11,0,1,0,0,0,0,1,0,0,0,0,0,0,0,1,0,0,0
0,0.9638083648703932,0.03619163512960665,38,0,2,3,3,1,1,3,3,3,2,10609,0,0,12,3,3,2,17,6,2,16,10,5,13,0,0,1,0,1,0,0,0,0,0,0,0,0,0,0,0,1,0
0,0.960020386234805,0.039979613765195036,30,0,2,1,2,4,1,3,1,2,3,3748,1,0,13,3,3,0,12,6,2,12,8,1,7,0,1,0,0,0,0,1,0,0,0,0,1,0,0,0,0,0,0
1,0.10900032794008364,0.8909996720599164,32,1,3,5,2,1,0,4,1,3,1,2432,3,1,14,3,1,0,8,2,3,4,1,0,3,0,1,0,0,1,0,0,0,0,0,0,0,0,0,0,1,0,0
1,0.6790874756974432,0.32091252430255685,27,0,2,2,1,1,1,3,1,2,3,3468,9,0,12,3,4,1,6,3,3,2,2,2,2,0,1,0,0,0,0,1,0,0,0,0,1,0,0,0,0,0,0
0,0.9683188675026949,0.031681132497305,25,0,3,2,1,4,1,4,2,3,2,5206,1,0,17,3,3,2,7,6,3,7,7,0,7,0,1,0,0,1,0,0,0,0,0,0,0,0,1,0,0,0,0
1,0.11299603325458164,0.8870039667454184,19,1,1,10,3,1,0,2,1,2,1,1859,1,1,25,4,2,0,1,2,4,1,1,0,0,0,1,0,0,0,0,1,0,0,0,0,0,0,0,0,1,0,0
0,0.7171519112604565,0.2828480887395434,24,1,2,1,3,2,1,3,1,4,3,2293,2,1,16,3,1,1,6,2,2,2,0,2,0,0,1,0,0,0,0,1,0,0,0,0,0,0,0,0,1,0,0
0,0.8741539895936289,0.12584601040637114,58,0,3,15,4,1,1,3,4,3,3,15787,2,1,14,3,2,0,23,3,3,2,2,2,2,0,1,0,0,1,0,0,0,0,0,0,0,0,0,1,0,0,0
1,0.1711557851394956,0.8288442148605044,41,1,2,20,2,2,0,3,1,2,1,3140,1,1,22,4,4,0,4,5,2,4,3,0,2,0,0,1,0,0,1,0,0,0,0,0,0,0,0,0,0,0,1
0,0.9564426511201032,0.0435573488798967,37,0,1,9,4,1,1,3,3,2,2,8834,1,0,13,3,4,1,9,6,3,9,5,7,7,0,0,1,0,0,0,1,0,0,0,0,0,0,0,0,0,1,0
0,0.7718502627271755,0.2281497372728245,44,0,2,1,5,2,0,3,2,1,2,5454,5,1,21,4,3,1,9,2,2,4,3,1,3,0,0,1,0,0,1,0,0,0,0,0,0,0,0,0,0,1,0
1,0.2890164118638118,0.7109835881361882,39,1,1,2,3,1,0,2,1,1,1,3646,2,1,23,4,2,0,11,2,4,1,0,0,0,0,1,0,0,1,0,0,0,0,0,0,1,0,0,0,0,0,0
0,0.9168628698697288,0.08313713013027109,38,0,2,3,5,4,0,3,2,3,1,4317,3,1,20,4,2,0,19,2,3,3,2,2,2,0,1,0,0,0,0,0,0,1,0,0,0,0,0,0,1,0,0
0,0.9665589888944536,0.03344101110554635,36,0,3,4,2,4,0,3,2,2,2,5131,7,0,13,3,2,3,18,3,3,4,2,0,2,0,1,0,0,1,0,0,0,0,0,0,0,0,1,0,0,0,0
0,0.8634257038417849,0.13657429615821515,50,1,3,8,2,2,1,3,2,3,3,6796,3,1,14,3,1,1,18,4,3,4,3,1,3,0,0,1,0,0,0,0,0,1,0,0,0,0,0,0,0,1,0
0,0.9631723074051864,0.03682769259481365,28,0,2,8,2,2,1,2,1,4,2,4936,1,0,13,3,4,1,6,6,3,5,1,0,4,1,0,0,0,0,0,1,0,0,0,1,0,0,0,0,0,0,0
0,0.7987402825009337,0.20125971749906635,44,0,3,1,5,1,0,3,2,3,3,4768,7,0,12,3,3,1,11,4,2,1,0,0,0,0,0,1,0,0,1,0,0,0,0,0,0,0,0,0,0,1,0
0,0.9662028019755304,0.03379719802446971,43,0,2,2,3,2,1,3,1,4,1,3539,0,0,13,3,2,0,10,5,3,9,7,1,8,1,0,0,0,1,0,0,0,0,0,1,0,0,0,0,0,0,0
0,0.8789654716139075,0.12103452838609255,25,0,2,18,1,1,1,4,2,3,3,6232,2,0,11,3,2,0,6,3,2,3,2,1,2,0,0,1,0,1,0,0,0,0,0,0,0,0,0,0,0,1,0
0,0.9507533587735116,0.049246641226488516,39,0,2,2,4,4,0,2,2,3,1,4553,1,0,11,3,1,0,20,4,3,20,7,11,10,0,1,0,0,0,0,0,0,1,1,0,0,0,0,0,0,0,0
0,0.9605993703359774,0.039400629664022586,26,0,3,1,3,3,0,3,2,2,2,6397,1,0,20,4,1,1,6,6,1,6,5,1,4,0,1,0,0,1,0,0,0,0,0,0,0,0,1,0,0,0,0
0,0.7060626713836684,0.2939373286163316,42,0,3,26,5,1,0,3,3,1,3,13191,3,1,17,3,3,0,20,6,3,1,0,0,0,0,1,0,0,0,0,1,0,0,0,0,0,0,0,1,0,0,0
0,0.95560096270384,0.04439903729615991,51,0,2,3,3,1,0,3,3,3,3,13116,2,0,11,3,4,0,15,2,3,2,2,2,2,0,1,0,0,0,0,0,0,1,0,0,0,1,0,0,0,0,0
0,0.7657969925693673,0.23420300743063266,41,1,2,2,4,2,0,1,1,4,2,2778,4,1,13,3,3,1,10,1,2,7,7,1,0,0,1,0,0,1,0,0,0,0,0,0,1,0,0,0,0,0,0
0,0.914851213527798,0.0851487864722021,33,1,3,29,4,1,0,2,2,3,1,4508,1,0,22,4,2,0,14,4,3,13,7,3,8,0,1,0,0,0,0,1,0,0,0,0,0,0,0,0,1,0,0
0,0.9483833719277034,0.0516166280722966,41,0,2,9,4,3,1,3,1,1,3,2238,2,0,21,4,4,1,7,2,3,5,0,1,4,0,1,0,0,1,0,0,0,0,0,0,1,0,0,0,0,0,0
0,0.8574086173156223,0.14259138268437765,34,1,2,9,4,1,0,3,1,3,3,2742,1,0,15,3,4,0,2,0,3,2,2,2,2,1,0,0,0,0,0,0,0,1,0,1,0,0,0,0,0,0,0
0,0.9516380465997504,0.04836195340024977,47,0,2,25,3,1,1,3,3,3,1,8633,2,0,23,4,2,0,25,3,3,17,14,12,11,0,1,0,0,0,0,1,0,0,1,0,0,0,0,0,0,0,0
0,0.9034125529974252,0.09658744700257477,24,0,2,23,3,2,1,4,1,4,3,2725,1,1,11,3,2,2,6,3,3,6,5,1,4,0,1,0,0,0,0,1,0,0,0,0,0,0,0,0,1,0,0
0,0.9385004266254569,0.06149957337454325,31,0,2,20,3,2,1,3,2,3,2,4197,1,0,11,3,1,1,10,2,3,10,8,0,2,0,1,0,0,1,0,0,0,0,0,0,1,0,0,0,0,0,0
0,0.9664565126993496,0.03354348730065035,37,0,2,19,3,3,1,3,2,3,3,5768,3,0,17,3,1,3,9,2,2,4,3,0,2,0,1,0,0,1,0,0,0,0,0,0,0,0,1,0,0,0,0
0,0.9488742691506606,0.051125730849339336,34,0,1,4,4,3,0,3,2,3,3,6538,9,0,15,3,1,1,6,3,3,3,2,1,2,0,0,1,0,0,1,0,0,0,0,0,0,0,0,0,0,1,0
0,0.9537619450629596,0.04623805493704022,25,0,2,19,1,4,1,3,1,4,3,3669,3,0,11,3,3,3,7,6,2,3,2,1,2,0,1,0,0,0,0,1,0,0,0,0,1,0,0,0,0,0,0
0,0.9655660555339604,0.03443394446603965,54,0,2,9,2,1,0,3,2,3,3,2897,3,0,11,3,3,2,9,6,2,4,3,2,3,0,1,0,0,1,0,0,0,0,0,0,0,0,0,0,1,0,0
0,0.9588165964485256,0.041183403551474304,59,0,2,2,3,3,0,2,4,4,1,13726,3,1,13,3,1,0,30,4,3,5,3,4,3,0,1,0,0,1,0,0,0,0,0,0,0,0,1,0,0,0,0
1,0.28800144249743675,0.7119985575025632,31,1,3,2,3,3,0,2,1,4,1,2785,7,0,14,3,3,0,3,3,4,1,0,0,0,0,0,1,0,1,0,0,0,0,0,0,0,0,0,0,0,0,1
0,0.964715834142052,0.03528416585794792,40,0,2,2,2,2,0,3,2,2,3,5677,3,0,14,3,3,1,15,4,3,11,8,5,10,0,0,1,0,0,1,0,0,0,0,0,0,0,0,0,0,1,0
0,0.9672594024906972,0.03274059750930273,46,0,2,4,2,4,0,2,5,2,3,18789,2,0,14,3,3,1,26,2,3,11,4,0,8,0,0,1,0,0,1,0,0,0,0,0,0,1,0,0,0,0,0
0,0.965604868546646,0.034395131453354086,34,0,2,8,2,2,1,4,2,3,3,6799,1,0,21,4,3,2,10,5,3,10,8,4,8,0,0,1,0,0,0,0,0,1,0,0,0,0,0,0,0,1,0
0,0.9170954530970672,0.08290454690293295,38,0,2,9,3,2,1,2,1,2,3,2899,0,0,19,3,4,1,3,3,3,2,2,1,2,0,0,1,0,0,1,0,0,0,0,0,0,0,0,0,0,0,1
0,0.9606644691657488,0.0393355308342513,30,0,2,1,3,3,1,3,1,3,2,2064,0,0,21,4,1,1,6,3,4,5,3,1,3,1,0,0,0,1,0,0,0,0,0,1,0,0,0,0,0,0,0
0,0.9310895958192241,0.06891040418077603,29,0,3,20,1,4,1,3,1,4,3,3812,1,0,13,3,2,0,11,3,4,11,8,3,10,0,1,0,0,0,0,1,0,0,0,0,1,0,0,0,0,0,0
0,0.9486162556706202,0.05138374432937977,31,0,2,5,3,1,1,3,2,3,3,8346,1,0,19,3,3,1,6,3,3,5,2,0,2,0,0,1,0,0,0,0,0,1,0,0,0,0,0,0,0,1,0
0,0.9630132156697592,0.03698678433024072,55,0,2,14,4,3,1,4,5,2,1,18722,8,0,11,3,4,0,36,3,3,24,15,2,15,0,1,0,0,0,0,1,0,0,0,0,0,0,0,1,0,0,0
0,0.9545523663605284,0.04544763363947152,56,0,2,1,2,1,0,3,1,1,3,2066,2,0,22,4,4,1,5,3,4,3,2,1,0,0,1,0,0,1,0,0,0,0,0,0,0,0,0,0,1,0,0
0,0.964556035233746,0.03544396476625405,36,0,2,3,2,4,1,4,2,1,2,6842,6,0,20,4,1,1,13,3,3,5,4,0,4,0,1,0,0,1,0,0,0,0,1,0,0,0,0,0,0,0,0
0,0.9567197589193634,0.04328024108063653,28,0,2,29,1,3,1,1,2,2,3,6549,1,0,14,3,2,2,8,2,2,8,6,1,7,0,1,0,0,1,0,0,0,0,0,0,0,0,1,0,0,0,0
0,0.7746197798863417,0.22538022011365835,18,0,1,14,3,2,0,3,1,3,1,1514,1,0,16,3,3,0,0,4,1,0,0,0,0,0,1,0,0,0,0,1,0,0,0,0,0,0,0,0,1,0,0
0,0.954249406011024,0.045750593988975866,36,0,2,27,3,3,1,3,2,3,3,5237,6,0,13,3,2,2,17,3,2,7,7,7,7,0,1,0,0,0,0,1,0,0,1,0,0,0,0,0,0,0,0
0,0.8812880115565115,0.11871198844348856,36,0,2,16,4,3,0,2,2,1,3,5647,4,0,13,3,1,2,11,3,2,3,2,0,2,0,0,1,0,0,1,0,0,0,0,0,0,0,0,0,0,1,0
0,0.8560497280498766,0.14395027195012342,36,0,2,7,3,1,1,3,1,2,1,2013,2,0,11,3,3,0,15,4,3,4,3,1,3,0,1,0,0,1,0,0,0,0,0,0,1,0,0,0,0,0,0
0,0.9653837572811989,0.0346162427188012,31,0,1,10,3,3,0,3,3,3,3,11031,4,0,20,4,3,1,13,2,4,11,7,4,8,0,1,0,0,0,0,1,0,0,0,0,0,0,0,1,0,0,0
0,0.9509536796995792,0.049046320300420866,38,0,2,16,3,2,0,3,2,2,1,4198,2,0,12,3,2,0,8,5,4,3,2,1,2,0,0,1,0,1,0,0,0,0,0,0,0,0,0,0,0,1,0
0,0.7247170865523921,0.275282913447608,35,0,2,25,2,1,1,2,2,4,1,3681,4,0,14,3,4,0,9,3,3,3,2,0,2,0,1,0,0,0,0,0,1,0,0,0,1,0,0,0,0,0,0
1,0.3521263536640301,0.6478736463359699,31,0,2,2,3,1,1,2,2,1,3,6410,3,0,12,3,4,0,9,1,3,2,2,1,0,1,0,0,1,0,0,0,0,0,0,1,0,0,0,0,0,0,0
0,0.9533843860245792,0.04661561397542077,38,0,3,10,1,3,1,3,1,3,3,2684,0,0,17,3,2,1,3,0,2,2,1,0,2,0,1,0,0,0,0,1,0,0,0,0,0,0,0,0,1,0,0
0,0.9087948234419658,0.09120517655803397,32,0,3,2,2,4,1,3,1,4,1,3068,0,0,13,3,3,0,8,2,2,7,7,3,6,0,1,0,0,1,0,0,0,0,0,0,1,0,0,0,0,0,0
0,0.8372797298408554,0.16272027015914456,31,1,2,13,4,2,1,3,2,1,2,4233,2,0,17,3,3,0,9,2,1,3,1,1,2,0,0,1,0,0,0,1,0,0,0,0,0,0,0,0,0,1,0
1,0.5922441955556994,0.4077558044443005,38,1,2,29,1,2,1,3,2,1,3,6673,7,1,19,3,2,0,17,2,3,1,0,0,0,0,1,0,0,0,0,1,0,0,1,0,0,0,0,0,0,0,0
0,0.7510127897308241,0.24898721026917595,50,0,3,22,5,3,1,1,4,4,1,14411,1,1,13,3,4,0,32,2,3,32,6,13,9,0,1,0,0,0,0,1,0,0,0,0,0,0,0,1,0,0,0
0,0.9637634810011596,0.03623651899884033,51,0,2,14,2,3,0,3,2,4,3,4936,4,0,11,3,3,1,18,2,2,7,7,0,7,0,0,1,0,1,0,0,0,0,0,0,0,0,0,0,0,1,0
0,0.9406460894375336,0.05935391056246647,35,0,2,10,3,2,1,3,1,4,2,3917,1,0,20,4,1,1,3,4,2,3,2,1,2,0,1,0,0,0,0,0,1,0,0,0,1,0,0,0,0,0,0
0,0.9656971687509586,0.034302831249041384,51,0,2,2,3,4,1,1,2,2,2,5482,5,0,18,3,4,1,13,3,3,4,1,1,2,0,1,0,0,0,0,1,0,0,0,0,0,0,1,0,0,0,0
0,0.9329226016254872,0.06707739837451261,41,0,2,6,3,4,1,3,3,3,1,9241,1,0,12,3,2,0,10,3,3,10,8,8,7,0,0,1,0,0,1,0,0,0,0,0,0,0,0,0,0,1,0
1,0.3897987972583359,0.6102012027416641,29,0,2,10,3,3,1,3,1,3,1,2642,1,0,11,3,3,0,1,6,3,1,0,0,0,0,0,1,0,1,0,0,0,0,0,0,0,0,0,0,0,0,1
0,0.9505113001300884,0.0494886998699117,52,0,1,29,4,1,1,3,1,4,2,3482,2,0,15,3,2,2,16,3,2,9,8,0,0,0,0,1,0,1,0,0,0,0,0,0,0,0,0,0,0,0,1
0,0.765343790162661,0.23465620983733906,38,0,3,1,4,4,1,3,1,2,3,2991,0,1,11,3,2,1,7,2,3,6,2,1,2,1,0,0,0,0,0,0,1,0,0,1,0,0,0,0,0,0,0
0,0.9538179911115158,0.04618200888848418,28,0,2,16,2,2,1,4,2,1,1,5661,0,0,19,3,3,0,9,2,3,8,3,0,7,0,1,0,0,0,0,1,0,0,1,0,0,0,0,0,0,0,0
0,0.9474623956672396,0.05253760433276048,40,0,2,6,2,3,1,3,4,4,1,16437,1,1,21,4,4,0,21,2,3,21,7,7,7,1,0,0,0,0,0,1,0,0,0,0,0,1,0,0,0,0,0
0,0.9681122184346872,0.031887781565312724,57,0,2,1,4,4,1,3,2,3,3,6755,2,0,11,3,3,0,15,2,3,3,2,1,2,0,1,0,0,0,0,1,0,0,1,0,0,0,0,0,0,0,0
0,0.9064948802945704,0.09350511970542973,34,0,3,10,4,4,1,2,2,3,3,5063,1,0,14,3,2,1,8,3,2,8,2,7,7,0,1,0,0,0,0,0,0,1,1,0,0,0,0,0,0,0,0
0,0.9495792563596998,0.05042074364030025,27,0,2,9,3,4,0,3,1,2,1,2279,1,0,16,3,4,0,7,2,2,7,7,0,3,0,1,0,0,0,0,1,0,0,0,0,0,0,0,0,1,0,0
0,0.9506095318921528,0.04939046810784728,43,0,3,10,4,3,0,3,1,4,1,2455,0,0,19,3,1,0,9,5,3,8,7,1,7,0,1,0,0,1,0,0,0,0,0,0,1,0,0,0,0,0,0
0,0.9620996553250436,0.03790034467495655,30,0,1,1,1,3,1,2,3,3,1,8474,1,0,22,4,3,0,12,2,3,11,8,5,8,0,1,0,0,1,0,0,0,0,0,0,0,0,1,0,0,0,0
0,0.9484338207211942,0.05156617927880601,41,0,2,6,3,4,0,3,3,4,1,13591,3,1,18,3,3,0,16,3,3,1,0,0,0,0,0,1,0,1,0,0,0,0,0,0,0,1,0,0,0,0,0
0,0.9665038763473526,0.03349612365264743,50,0,2,4,1,1,1,3,5,2,2,19144,3,0,14,3,1,2,28,4,2,10,4,1,6,0,1,0,0,1,0,0,0,0,0,0,0,0,0,1,0,0,0
0,0.9673246021135544,0.03267539788644553,34,0,2,3,3,4,0,3,2,2,2,5433,1,0,12,3,3,1,11,2,3,11,8,7,9,0,1,0,0,1,0,0,0,0,0,0,0,0,0,0,1,0,0
0,0.9443614070017156,0.05563859299828434,45,0,2,29,3,3,1,3,1,4,1,3452,5,0,13,3,2,0,9,2,2,6,5,0,3,0,1,0,0,0,0,1,0,0,0,0,0,0,0,0,1,0,0
0,0.9608653247059302,0.03913467529406978,31,0,2,2,4,2,1,3,1,3,3,3477,1,0,14,3,4,1,6,2,4,5,2,0,3,0,1,0,0,1,0,0,0,0,0,0,1,0,0,0,0,0,0
0,0.9525320848875533,0.0474679151124468,32,0,3,5,2,2,1,3,2,2,3,6524,1,0,14,3,4,1,10,3,3,10,8,5,3,0,0,1,0,1,0,0,0,0,0,0,0,0,0,0,0,1,0
1,0.028552694751808664,0.9714473052481912,28,1,2,24,3,3,1,2,1,3,1,2028,5,1,14,3,2,0,6,4,3,4,2,0,3,0,1,0,0,1,0,0,0,0,0,0,1,0,0,0,0,0,0
0,0.9487093201728856,0.05129067982711452,55,0,2,1,2,1,1,3,3,4,3,10239,3,0,14,3,4,1,24,4,3,1,0,1,0,0,0,1,0,1,0,0,0,0,0,0,0,0,0,0,0,1,0
0,0.9651358724934814,0.03486412750651853,58,0,1,2,3,2,1,3,4,2,2,16291,4,0,22,4,4,1,37,0,2,16,9,14,14,0,0,1,0,0,0,1,0,0,0,0,0,1,0,0,0,0,0
0,0.9683330590109024,0.03166694098909755,55,0,3,2,1,4,1,3,3,2,3,10976,3,0,18,3,2,1,23,4,3,3,2,1,2,0,1,0,0,1,0,0,0,0,0,0,0,0,1,0,0,0,0
0,0.945927982752193,0.05407201724780695,34,0,2,8,2,3,0,3,2,1,3,6500,5,0,17,3,2,1,6,1,3,3,2,1,2,0,0,1,0,1,0,0,0,0,0,0,0,0,0,0,0,1,0
0,0.9394347949719052,0.060565205028094725,43,0,2,7,3,3,0,3,3,1,3,9985,8,0,16,3,1,1,10,1,2,1,0,0,0,0,1,0,0,1,0,0,0,0,1,0,0,0,0,0,0,0,0
0,0.9589373581416608,0.04106264185833903,27,0,2,5,1,3,1,2,3,4,2,12808,1,1,16,3,2,1,9,3,3,9,8,0,8,0,1,0,0,0,0,0,0,1,0,0,0,0,0,1,0,0,0
0,0.964052245001614,0.03594775499838613,43,0,2,12,3,1,1,2,4,2,2,14336,1,0,11,3,3,1,25,3,3,25,10,3,9,0,1,0,0,1,0,0,0,0,0,0,0,0,0,1,0,0,0
0,0.8152295441604932,0.18477045583950685,40,1,2,9,4,4,1,3,1,1,1,2018,3,0,14,3,2,0,15,3,1,5,4,1,0,0,1,0,0,1,0,0,0,0,0,0,1,0,0,0,0,0,0
1,0.08899882939624126,0.9110011706037588,37,1,2,2,2,4,1,2,1,3,1,2090,6,1,15,3,2,0,7,3,3,0,0,0,0,0,1,0,0,0,0,0,1,0,0,0,1,0,0,0,0,0,0
0,0.8199548058535636,0.1800451941464364,27,0,2,7,3,4,0,2,2,1,1,6811,8,0,19,3,1,0,9,2,1,7,6,0,7,0,1,0,0,0,0,1,0,0,1,0,0,0,0,0,0,0,0
0,0.963177916203876,0.03682208379612402,56,0,2,7,3,4,1,1,3,4,1,7260,4,0,11,3,1,0,37,3,2,6,4,0,2,0,1,0,0,1,0,0,0,0,0,0,0,0,1,0,0,0,0
0,0.8832515351878188,0.11674846481218118,43,0,2,6,3,1,0,2,2,3,1,4081,1,1,14,3,1,0,20,3,1,20,7,1,8,0,1,0,0,0,0,1,0,0,0,0,0,0,0,0,1,0,0
1,0.4792395510113253,0.5207604489886747,25,1,2,5,3,3,1,2,2,3,1,5744,1,1,11,3,4,0,6,1,3,6,4,0,3,0,0,1,0,0,1,0,0,0,0,0,0,0,0,0,0,1,0
0,0.8718692569356953,0.12813074306430472,51,0,3,6,2,2,0,2,1,3,1,2838,0,0,14,3,2,0,8,6,2,7,0,7,7,0,1,0,0,0,0,1,0,0,0,0,1,0,0,0,0,0,0
0,0.891812169989461,0.10818783001053904,31,0,3,7,4,1,0,3,3,1,3,9637,2,0,14,3,4,2,9,3,3,3,2,2,2,0,0,1,0,0,1,0,0,0,0,0,0,0,0,0,0,1,0
0,0.8448513291285105,0.15514867087148948,38,0,2,2,4,2,0,1,2,4,3,5405,2,1,20,4,1,2,20,4,2,4,2,0,3,0,0,1,0,0,1,0,0,0,0,0,0,0,0,0,0,0,1
0,0.9502756183698944,0.0497243816301056,43,0,2,6,4,2,1,2,4,4,2,16627,4,1,14,3,3,1,21,3,2,1,0,0,0,0,1,0,0,0,0,0,1,0,0,0,0,0,0,1,0,0,0
0,0.9353738036631086,0.06462619633689137,40,0,2,10,4,4,0,4,1,3,3,2213,3,1,13,3,3,1,10,3,3,7,7,1,7,0,1,0,0,1,0,0,0,0,0,0,1,0,0,0,0,0,0
0,0.9596355786174656,0.04036442138253437,29,0,2,8,1,3,0,1,2,1,3,9715,3,0,13,3,3,1,9,3,3,7,7,0,7,0,1,0,0,0,0,0,1,0,1,0,0,0,0,0,0,0,0
0,0.9207563225880048,0.0792436774119951,30,0,2,1,1,4,1,2,2,4,3,5126,1,1,12,3,3,2,10,1,2,10,8,3,0,0,1,0,0,1,0,0,0,0,0,0,1,0,0,0,0,0,0
0,0.7798068421393425,0.22019315786065755,53,0,2,6,2,2,1,3,2,3,3,2306,2,1,20,4,4,1,13,3,1,7,7,4,5,0,0,1,0,0,1,0,0,0,0,0,0,0,0,0,0,0,1
0,0.954221231999265,0.04577876800073497,50,1,3,1,4,2,1,3,2,3,2,6728,7,0,12,3,4,2,12,3,3,6,3,0,1,0,0,1,0,1,0,0,0,0,0,0,0,0,0,0,0,1,0
0,0.9270802656065416,0.07291973439345839,42,0,3,2,3,4,1,3,3,4,3,10124,2,1,14,3,3,1,24,3,1,20,8,13,9,0,1,0,0,1,0,0,0,0,1,0,0,0,0,0,0,0,0
0,0.9648753671788584,0.0351246328211417,42,0,2,4,2,3,1,3,5,4,3,19232,1,0,11,3,4,0,22,3,3,22,17,11,15,0,1,0,0,0,0,0,0,1,0,0,0,1,0,0,0,0,0
0,0.9483816469141768,0.051618353085823146,36,1,2,3,1,3,1,2,3,4,3,10325,1,1,11,3,1,1,16,6,3,16,7,3,7,0,0,1,0,1,0,0,0,0,0,0,0,0,0,0,0,1,0
0,0.93905318376832,0.060946816231679884,24,0,2,3,2,1,0,3,2,3,3,4999,0,0,21,4,1,1,4,2,2,3,2,0,2,0,0,1,0,0,0,0,1,0,0,0,0,0,0,0,0,1,0
0,0.9674357061729636,0.03256429382703648,31,0,1,1,4,3,1,1,2,3,3,4345,0,0,12,3,4,1,6,2,3,5,4,1,4,0,1,0,0,0,0,1,0,0,0,0,0,0,1,0,0,0,0
0,0.9343462503447232,0.06565374965527668,30,0,2,17,4,2,0,3,3,1,3,11916,1,1,23,4,4,2,9,2,3,9,1,0,8,0,1,0,0,0,0,1,0,0,0,0,0,1,0,0,0,0,0
0,0.9453474281157904,0.054652571884209585,34,0,3,1,4,4,1,3,1,1,2,2996,5,0,14,3,3,2,10,2,3,4,3,1,3,0,1,0,0,0,0,0,1,0,0,0,0,0,0,0,1,0,0
0,0.8024478926669487,0.1975521073330513,45,1,2,2,3,1,0,1,5,2,1,18824,2,1,16,3,1,0,26,2,3,24,10,1,11,0,0,1,0,0,1,0,0,0,0,0,0,1,0,0,0,0,0
0,0.9372922935513502,0.06270770644864974,55,0,2,18,5,1,0,3,4,2,1,16835,3,0,23,4,4,0,37,2,3,10,9,7,7,0,0,1,0,1,0,0,0,0,0,0,0,1,0,0,0,0,0
0,0.9657738774055612,0.03422612259443891,49,0,3,8,1,3,1,2,2,2,3,5130,1,0,23,4,4,1,10,3,3,10,7,1,7,0,1,0,0,1,0,0,0,0,0,0,0,0,0,0,1,0,0
0,0.950531470897096,0.04946852910290414,50,0,2,29,4,2,1,2,4,3,3,17046,0,0,15,3,2,1,28,2,3,27,10,15,7,0,1,0,0,1,0,0,0,0,0,0,0,1,0,0,0,0,0
0,0.8610285217918908,0.1389714782081092,34,0,3,2,4,3,0,3,1,3,3,2231,6,0,18,3,4,1,6,3,3,4,3,1,2,0,0,1,0,0,1,0,0,0,0,0,0,0,0,0,0,0,1
0,0.9612586501209776,0.03874134987902243,33,0,2,21,3,2,1,4,1,2,3,2028,1,0,18,3,4,3,14,6,3,14,11,2,13,0,1,0,0,0,0,1,0,0,0,0,1,0,0,0,0,0,0
0,0.9638186789041274,0.03618132109587263,29,0,3,1,1,2,0,3,3,4,3,7918,1,0,14,3,4,1,11,5,3,11,10,4,1,0,0,1,0,0,0,1,0,0,0,0,0,0,0,0,0,1,0
1,0.20126446476737592,0.7987355352326241,42,1,3,12,3,3,1,3,4,1,1,13758,0,1,12,3,2,0,22,2,2,21,9,13,14,0,0,1,0,1,0,0,0,0,0,0,0,0,0,0,0,1,0
0,0.9673656552666168,0.03263434473338307,38,0,2,1,4,4,1,3,2,2,3,4440,0,0,15,3,1,2,16,3,3,15,13,5,8,0,0,1,0,1,0,0,0,0,0,0,0,0,0,0,0,1,0
0,0.9348072632689532,0.06519273673104681,27,0,1,9,3,4,1,3,1,2,2,2024,6,0,18,3,4,1,6,1,1,2,2,2,2,0,1,0,0,0,0,1,0,0,0,0,0,0,0,0,1,0,0
1,0.02261518157506537,0.9773848184249346,32,1,2,25,4,1,1,3,1,4,1,2795,1,1,24,4,3,0,1,2,1,1,0,0,1,0,1,0,0,1,0,0,0,0,0,0,1,0,0,0,0,0,0
0,0.9648575339051398,0.035142466094860124,58,0,1,1,4,4,1,1,2,3,2,5660,2,1,13,3,4,1,12,2,3,5,3,1,2,0,1,0,0,1,0,0,0,0,1,0,0,0,0,0,0,0,0
0,0.915592565450316,0.08440743454968415,42,0,2,17,2,4,0,4,2,1,1,6545,3,1,13,3,3,0,10,1,3,3,2,0,2,0,1,0,0,1,0,0,0,0,0,0,0,0,0,0,1,0,0
0,0.7938661835751679,0.20613381642483208,34,0,2,1,3,4,1,2,3,3,3,7083,1,1,14,3,4,0,10,3,3,10,9,8,6,0,0,1,0,0,0,0,0,1,0,0,0,0,0,0,0,1,0
0,0.9422957334173659,0.05770426658263391,24,0,2,18,1,2,1,3,1,3,3,2774,0,0,12,3,3,1,6,2,3,5,3,1,2,0,1,0,0,1,0,0,0,0,0,0,1,0,0,0,0,0,0
0,0.9596503335707456,0.04034966642925426,39,0,3,20,3,3,1,3,2,4,2,4127,2,0,18,3,4,1,7,6,3,2,1,2,2,0,0,1,0,1,0,0,0,0,0,0,0,0,0,0,0,1,0
0,0.969194009694346,0.0308059903056539,43,0,2,3,3,3,1,1,5,4,3,19740,3,0,14,3,2,1,25,2,3,8,7,0,7,0,1,0,0,1,0,0,0,0,0,0,0,0,0,1,0,0,0
0,0.9083476140999078,0.0916523859000922,42,0,3,26,3,3,0,3,4,2,3,13525,5,0,14,3,4,1,23,2,4,20,4,4,8,0,0,1,0,0,1,0,0,0,0,0,0,0,0,0,0,1,0
0,0.9586142862157054,0.04138571378429455,55,1,2,2,1,3,1,3,2,4,1,5160,4,0,16,3,3,0,12,3,2,9,7,7,3,0,0,1,0,0,0,1,0,0,0,0,0,0,0,0,0,1,0
0,0.9540298467144336,0.04597015328556636,56,0,2,8,3,3,0,3,1,1,2,4257,4,1,18,3,3,1,19,3,3,2,2,2,2,0,1,0,0,1,0,0,0,0,0,0,0,0,0,0,1,0,0
0,0.8710698312795034,0.12893016872049656,27,0,2,11,3,3,0,4,1,4,3,2534,8,0,14,3,2,1,5,4,3,1,0,0,0,0,0,1,0,0,0,1,0,0,0,0,0,0,0,0,0,0,1
0,0.9597989575865546,0.04020104241344538,41,1,2,12,3,2,0,3,5,3,3,19545,1,0,12,3,4,0,23,0,3,22,15,15,8,0,1,0,0,0,0,0,0,1,0,0,0,0,0,1,0,0,0
0,0.8989601374146559,0.10103986258534403,20,0,2,1,3,4,0,2,1,2,1,2836,1,0,13,3,4,0,1,0,4,1,0,0,0,0,1,0,0,1,0,0,0,0,0,0,0,0,0,0,1,0,0
0,0.9438866206169749,0.056113379383025005,31,0,2,10,2,3,0,3,2,4,2,6583,2,1,11,3,4,1,8,2,3,5,2,1,4,0,0,1,0,0,0,1,0,0,0,0,0,0,0,0,0,1,0
0,0.8598810502474711,0.14011894975252892,33,0,3,1,2,1,0,3,3,4,1,13458,1,1,12,3,3,0,15,1,3,15,14,8,12,0,1,0,0,1,0,0,0,0,0,0,0,0,0,1,0,0,0
0,0.8833188813517092,0.1166811186482908,29,0,2,7,1,1,0,2,1,4,2,2532,6,0,14,3,3,3,8,5,3,4,3,0,3,0,1,0,0,0,0,1,0,0,0,0,1,0,0,0,0,0,0
0,0.9171249647304028,0.08287503526959725,50,0,2,9,3,3,1,3,5,3,3,19331,4,1,16,3,3,1,27,2,3,1,0,0,0,0,0,1,0,0,1,0,0,0,0,0,0,1,0,0,0,0,0
0,0.9587650346864044,0.041234965313595766,29,0,2,20,2,4,1,3,2,4,2,6931,2,0,14,3,4,1,10,2,3,3,2,0,2,0,0,1,0,0,1,0,0,0,0,0,0,0,0,0,0,1,0
0,0.905233794883791,0.09476620511620908,43,0,3,9,5,4,1,3,2,3,2,5679,3,1,13,3,2,1,10,3,3,8,7,4,7,0,1,0,0,0,0,1,0,0,0,0,1,0,0,0,0,0,0
0,0.9674982761585684,0.03250172384143154,50,0,3,2,3,4,0,3,4,1,3,17856,2,0,22,4,3,1,32,3,3,2,2,2,2,0,1,0,0,0,0,1,0,0,0,0,0,1,0,0,0,0,0
1,0.04591176895216553,0.9540882310478344,53,1,2,24,4,1,1,3,3,1,1,10448,6,1,13,3,2,0,15,2,2,2,2,2,2,0,0,1,0,1,0,0,0,0,0,0,0,0,0,0,0,1,0
0,0.958738888955092,0.041261111044907976,52,0,2,11,4,4,0,3,2,3,3,3149,8,0,20,4,2,1,9,3,3,5,2,1,4,0,1,0,0,1,0,0,0,0,0,0,1,0,0,0,0,0,0
0,0.9548924962199712,0.04510750378002883,33,0,2,2,3,2,1,3,1,3,3,3600,1,0,13,3,4,1,5,2,3,5,4,1,4,1,0,0,1,0,0,0,0,0,0,1,0,0,0,0,0,0,0
1,0.3084558517250823,0.6915441482749177,60,0,2,16,4,1,1,3,2,1,1,5405,8,0,14,3,4,0,10,1,3,2,2,2,2,0,0,1,0,0,1,0,0,0,0,0,0,0,0,0,0,1,0
0,0.9590266132390222,0.040973386760977816,33,0,2,1,3,1,1,4,2,1,2,4037,1,0,22,4,1,1,9,5,3,9,8,0,8,0,0,1,0,0,0,1,0,0,0,0,0,0,0,0,0,1,0
1,0.6976630644861794,0.30233693551382057,35,1,2,23,2,2,1,2,2,3,3,5916,3,1,13,3,1,0,8,1,3,1,0,0,1,0,1,0,0,1,0,0,0,0,0,0,0,0,1,0,0,0,0
0,0.8193174567452154,0.1806825432547846,25,0,2,2,3,3,0,3,1,2,3,2187,4,0,14,3,3,0,6,3,3,2,0,1,2,1,0,0,1,0,0,0,0,0,0,1,0,0,0,0,0,0,0
0,0.8653964061071826,0.13460359389281742,29,0,2,28,4,4,0,2,1,1,1,3785,1,0,14,3,2,0,5,3,1,5,4,0,4,0,1,0,0,0,0,1,0,0,0,0,0,0,0,0,1,0,0
1,0.22140328295525455,0.7785967170447454,22,1,2,8,1,3,0,3,1,1,3,2398,1,1,17,3,3,0,1,6,3,1,0,0,0,0,1,0,0,0,0,1,0,0,0,0,1,0,0,0,0,0,0
0,0.9403964082276728,0.05960359177232729,33,0,2,15,2,2,0,3,2,4,3,4878,0,1,13,3,1,1,10,6,3,9,7,8,1,0,1,0,0,0,0,1,0,0,1,0,0,0,0,0,0,0,0
0,0.9664741810338252,0.033525818966174965,34,0,2,1,4,2,0,4,1,4,1,3280,2,0,16,3,3,0,10,2,3,4,2,1,3,0,1,0,0,1,0,0,0,0,0,0,0,0,0,0,1,0,0
0,0.9627703359308222,0.03722966406917786,25,0,2,7,1,4,1,2,1,4,3,2889,1,0,11,3,3,2,2,2,3,2,2,2,1,0,1,0,0,0,0,1,0,0,0,0,0,0,0,0,1,0,0
0,0.9417806738550704,0.05821932614492958,47,0,2,2,2,3,0,3,2,4,3,4537,0,1,22,4,1,1,8,2,3,7,6,7,7,0,0,1,0,0,1,0,0,0,0,0,0,0,0,0,0,1,0
0,0.9644494973241706,0.035550502675829335,34,0,2,2,3,4,1,3,2,4,1,6274,1,0,22,4,3,0,6,5,3,6,5,1,4,0,0,1,0,0,0,0,1,0,0,0,0,0,0,0,0,1,0
0,0.9542165045333094,0.04578349546669062,54,0,2,17,3,3,0,3,3,3,3,10739,8,0,11,3,3,1,22,2,3,10,7,0,8,0,1,0,0,0,0,0,0,1,0,0,0,0,1,0,0,0,0
1,0.2361823615786648,0.7638176384213352,28,1,2,12,1,3,0,3,1,4,3,2515,1,1,11,3,4,0,1,4,2,1,1,0,0,0,1,0,0,1,0,0,0,0,0,0,1,0,0,0,0,0,0
0,0.9494802528136196,0.05051974718638051,30,0,1,2,3,3,0,3,1,4,1,2564,0,0,14,3,3,0,12,2,2,11,7,6,7,0,1,0,0,0,0,1,0,0,0,0,1,0,0,0,0,0,0
0,0.823668375628449,0.176331624371551,32,0,3,7,3,2,1,4,1,2,3,2794,1,0,20,4,3,0,5,3,1,5,1,0,3,0,1,0,0,1,0,0,0,0,0,0,1,0,0,0,0,0,0
0,0.9332682469130388,0.06673175308696133,35,0,2,8,4,1,0,3,1,4,3,2572,1,0,16,3,2,1,3,1,2,3,2,0,2,0,0,1,0,1,0,0,0,0,0,0,0,0,0,0,0,0,1
1,0.3706226940485757,0.6293773059514243,25,1,2,9,2,1,1,2,1,1,3,4400,3,0,12,3,1,0,6,2,3,3,2,2,2,0,0,1,0,1,0,0,0,0,0,0,0,0,0,0,0,0,1
0,0.9670722051145482,0.032927794885451826,36,0,2,5,4,2,0,3,3,1,3,8008,4,0,12,3,3,2,9,6,3,3,2,0,2,0,1,0,0,1,0,0,0,0,1,0,0,0,0,0,0,0,0
0,0.9423260705724348,0.05767392942756535,29,0,2,27,3,2,0,3,2,3,3,4335,4,0,12,3,1,1,11,3,2,8,7,1,1,0,1,0,0,0,0,1,0,0,1,0,0,0,0,0,0,0,0
0,0.9475557667985028,0.05244423320149715,31,0,1,20,2,4,0,3,2,3,3,6932,1,0,13,3,4,1,9,2,2,9,8,0,0,0,0,1,0,0,1,0,0,0,0,0,0,0,0,0,0,1,0
0,0.7343799463908169,0.265620053609183,26,0,2,1,2,2,0,2,1,3,3,2933,1,1,13,3,3,1,1,3,2,1,0,1,0,0,1,0,0,1,0,0,0,0,0,0,0,0,0,0,1,0,0
0,0.9682500437062441,0.031749956293755974,50,0,2,1,4,4,0,3,5,4,2,19517,3,0,11,3,3,1,32,3,2,7,0,0,6,0,0,1,0,0,0,1,0,0,0,0,0,1,0,0,0,0,0
0,0.9267291017807532,0.07327089821924693,31,0,2,7,3,2,1,4,2,4,3,6929,4,0,11,3,2,1,10,3,2,8,7,7,7,0,0,1,0,0,0,0,0,1,0,0,0,0,0,0,0,1,0
0,0.9648054022749252,0.03519459772507472,37,0,2,3,3,3,1,3,3,3,3,9434,1,0,15,3,3,1,10,2,3,10,7,7,8,0,1,0,0,0,0,0,1,0,0,0,0,0,1,0,0,0,0
0,0.9489680101085456,0.05103198989145431,37,0,2,10,3,3,0,3,1,1,3,3452,6,0,20,4,2,1,17,3,3,5,4,0,3,0,1,0,0,0,0,1,0,0,0,0,1,0,0,0,0,0,0
0,0.9195210745226284,0.08047892547737144,35,0,2,28,4,2,0,2,1,3,3,2430,0,0,23,4,1,2,6,5,3,5,3,4,2,0,0,1,0,1,0,0,0,0,0,0,0,0,0,0,0,0,1
0,0.9602674517200388,0.039732548279961234,42,0,2,8,4,3,1,3,2,2,3,6825,0,0,11,3,4,1,10,2,3,9,7,4,2,0,0,1,0,0,1,0,0,0,0,0,0,0,0,0,0,1,0
0,0.7734905907415173,0.2265094092584827,28,1,3,1,3,1,1,3,1,3,3,2909,3,0,15,3,4,1,5,3,4,3,2,1,2,0,0,1,0,0,0,0,0,1,0,0,0,0,0,0,0,0,1
0,0.9471916431803636,0.05280835681963652,52,1,2,8,4,3,1,2,2,2,3,4941,2,0,15,3,1,0,11,3,2,8,2,7,7,0,1,0,0,0,0,1,0,0,0,0,0,0,0,0,1,0,0
0,0.9677164323238828,0.03228356767611712,38,0,2,10,3,3,0,3,2,3,3,9824,3,0,19,3,3,1,18,4,3,1,0,0,0,0,1,0,0,0,0,1,0,0,1,0,0,0,0,0,0,0,0
0,0.9543147119652062,0.04568528803479373,44,0,2,5,3,2,1,3,5,2,3,18213,7,0,11,3,3,1,26,5,3,22,9,3,10,0,0,1,0,0,1,0,0,0,0,0,0,1,0,0,0,0,0
0,0.9319864352555404,0.06801356474445956,34,0,3,10,4,4,1,3,1,3,2,3815,1,1,17,3,4,1,5,4,4,5,3,2,0,0,1,0,0,0,0,1,0,0,0,0,0,0,0,0,1,0,0
0,0.954605050897962,0.04539494910203815,42,0,2,9,2,4,1,2,5,4,1,19613,8,0,22,4,4,0,24,2,3,1,0,0,1,0,1,0,0,0,0,0,1,0,0,0,0,1,0,0,0,0,0
0,0.7964110081435101,0.20358899185648996,28,0,2,1,3,1,1,2,1,3,2,1563,1,0,14,3,4,1,1,2,1,1,0,0,0,0,1,0,0,1,0,0,0,0,0,0,0,0,0,0,1,0,0
0,0.9432029072052668,0.05679709279473336,42,0,2,12,3,2,1,3,1,2,2,2766,8,0,22,4,2,3,7,6,2,5,3,0,4,0,1,0,0,0,0,1,0,0,0,0,1,0,0,0,0,0,0
1,0.6889754303544182,0.3110245696455818,30,0,2,2,1,3,1,3,1,2,3,2476,1,0,18,3,1,1,1,3,3,1,0,0,0,0,0,1,0,0,0,0,0,1,0,0,0,0,0,0,0,0,1
1,0.3882759537466043,0.6117240462533957,22,0,1,26,2,2,0,2,1,3,3,2814,1,1,14,3,2,0,4,2,2,4,2,1,3,0,1,0,0,0,0,0,1,0,0,0,0,0,0,0,1,0,0
0,0.9464070834681104,0.05359291653188957,55,0,1,8,1,4,1,2,4,2,2,13577,1,1,15,3,4,1,34,3,3,33,9,15,0,0,1,0,0,0,0,1,0,0,1,0,0,0,0,0,0,0,0
0,0.8902559219064807,0.10974407809351923,25,0,2,3,1,3,1,3,2,1,3,4194,1,1,18,3,4,0,5,3,3,5,3,0,3,0,0,1,0,0,0,0,1,0,0,0,0,0,0,0,0,1,0
0,0.968431010471713,0.03156898952828705,53,0,2,13,2,4,0,4,2,1,2,4450,1,0,11,3,3,2,5,3,3,4,2,1,3,0,1,0,0,0,0,1,0,0,0,0,0,0,1,0,0,0,0
0,0.9493333333405428,0.05066666665945723,54,0,2,8,4,3,0,3,2,3,1,3780,7,0,11,3,3,0,19,3,3,1,0,0,0,0,1,0,0,1,0,0,0,0,0,0,1,0,0,0,0,0,0
1,0.5992776534942361,0.400722346505764,25,0,2,2,1,4,1,3,1,3,2,3977,6,1,19,3,3,1,7,2,2,2,2,0,2,0,1,0,0,0,0,0,1,0,0,0,1,0,0,0,0,0,0
1,0.10437922844220726,0.8956207715577927,23,1,3,9,3,4,1,3,1,1,3,1790,1,0,19,3,1,1,1,3,2,1,0,1,0,0,0,1,0,0,1,0,0,0,0,0,0,0,0,0,0,0,1
0,0.9057692357564444,0.09423076424355543,26,0,3,6,3,3,1,4,1,4,3,2544,0,0,18,3,1,1,8,3,3,7,7,7,7,0,1,0,0,0,0,0,1,0,0,0,1,0,0,0,0,0,0
0,0.9524251110366824,0.04757488896331779,39,0,3,7,2,3,1,2,5,4,3,19272,1,0,15,3,1,1,21,2,3,21,9,13,3,0,1,0,0,0,0,1,0,0,0,0,0,1,0,0,0,0,0
0,0.8962863707983174,0.10371362920168258,38,0,2,2,3,4,1,3,1,4,1,3944,5,1,11,3,3,0,6,3,3,3,2,1,2,0,1,0,0,1,0,0,0,0,0,0,0,0,0,0,1,0,0
0,0.9616764542084888,0.038323545791511336,31,0,3,1,1,3,0,3,2,1,3,4148,1,0,12,3,3,1,4,1,3,4,3,0,3,0,1,0,0,1,0,0,0,0,0,0,0,0,1,0,0,0,0
0,0.9544275047226294,0.04557249527737065,43,0,3,10,4,3,0,2,2,3,2,5257,1,0,11,3,2,1,9,3,4,9,7,0,0,0,1,0,0,1,0,0,0,0,0,0,1,0,0,0,0,0,0
0,0.9405489465435312,0.059451053456468735,37,0,2,6,3,3,1,4,2,1,2,5974,4,1,13,3,1,2,13,2,3,7,7,6,7,0,1,0,0,0,0,1,0,0,0,0,0,0,0,0,1,0,0
0,0.8895868276077749,0.11041317239222513,33,0,2,8,5,4,1,3,2,3,1,6388,2,1,17,3,1,0,14,6,3,0,0,0,0,0,1,0,0,1,0,0,0,0,1,0,0,0,0,0,0,0,0
1,0.59967317088949,0.40032682911051,31,0,2,4,3,1,0,4,1,3,2,3978,8,0,12,3,2,1,4,0,2,2,2,2,2,0,1,0,0,0,0,1,0,0,0,0,1,0,0,0,0,0,0
0,0.9689969030102008,0.03100309698979922,46,0,2,18,3,3,0,3,2,3,2,4810,2,0,14,3,3,1,19,5,2,10,7,0,8,0,1,0,0,0,0,1,0,0,0,0,0,0,1,0,0,0,0
0,0.9023021130403798,0.0976978869596202,27,0,2,19,3,4,1,2,1,1,2,4066,1,0,11,3,1,2,7,3,3,7,7,0,7,0,1,0,0,0,0,0,1,0,0,0,1,0,0,0,0,0,0
0,0.9650770294378485,0.03492297056215169,53,0,2,23,4,4,0,3,4,4,1,14275,6,0,18,3,3,0,33,0,3,12,9,3,8,0,1,0,0,1,0,0,0,0,0,0,0,0,0,1,0,0,0
0,0.9091317052042308,0.09086829479576904,44,1,3,1,2,3,1,3,1,2,2,2342,1,1,12,3,3,3,6,2,2,5,3,2,3,0,1,0,0,0,0,1,0,0,0,0,0,0,0,0,1,0,0
0,0.8716063000124294,0.12839369998757058,25,0,2,4,1,3,1,2,2,1,3,4256,1,0,12,3,1,0,5,1,4,5,2,0,3,0,0,1,0,0,1,0,0,0,0,0,0,0,0,0,0,1,0
0,0.9613000302533536,0.03869996974664646,53,0,2,2,4,1,0,2,4,4,3,15427,2,0,16,3,3,0,31,3,3,25,8,3,7,0,0,1,0,1,0,0,0,0,0,0,0,1,0,0,0,0,0
0,0.9463953143411394,0.05360468565886056,32,0,2,9,4,1,0,3,2,4,3,6322,1,1,12,3,4,1,6,2,2,6,4,0,5,0,1,0,0,1,0,0,0,0,0,0,0,0,0,0,1,0,0
0,0.9481004551811,0.05189954481889995,45,0,2,1,4,1,1,3,3,2,2,7441,1,0,12,3,1,3,10,4,3,10,8,7,7,0,1,0,0,0,0,0,0,1,1,0,0,0,0,0,0,0,0
0,0.964142647281364,0.03585735271863583,32,0,2,10,3,3,1,3,3,4,1,11244,2,0,25,4,2,0,10,5,4,5,2,0,0,0,1,0,0,0,0,1,0,0,0,0,0,1,0,0,0,0,0
0,0.93716475358,0.06283524642000007,35,0,1,11,2,3,1,2,3,1,3,9884,2,1,13,3,3,1,10,3,3,4,0,2,3,0,1,0,0,0,0,1,0,0,1,0,0,0,0,0,0,0,0
1,0.5587773240944305,0.4412226759055695,42,0,3,2,1,2,1,3,1,4,1,2515,5,1,14,3,4,0,8,2,3,2,1,2,2,0,1,0,0,0,0,1,0,0,0,0,0,0,0,0,1,0,0
0,0.9535876510014476,0.046412348998552365,30,0,2,7,4,3,1,3,2,3,2,3491,1,0,13,3,1,3,10,4,2,10,7,8,9,0,1,0,0,1,0,0,0,0,0,0,1,0,0,0,0,0,0
0,0.944685574819038,0.055314425180961885,31,0,2,7,4,3,0,3,3,4,1,7143,1,1,14,3,3,0,11,2,2,11,9,4,10,0,1,0,0,0,0,1,0,0,0,0,0,0,1,0,0,0,0
0,0.8841086846002442,0.11589131539975582,37,0,2,19,2,2,1,3,1,2,3,3022,4,0,21,4,1,0,8,1,3,1,0,0,0,0,1,0,0,1,0,0,0,0,0,0,0,0,0,0,1,0,0
0,0.9248001550397228,0.07519984496027737,41,0,1,2,4,1,0,2,2,3,1,6811,2,1,17,3,1,0,10,3,3,8,7,0,7,0,1,0,0,0,0,0,1,0,1,0,0,0,0,0,0,0,0
1,0.5482196872146194,0.4517803127853806,26,1,1,29,2,2,1,1,2,1,1,4969,8,0,18,3,4,0,7,6,3,2,2,2,2,0,0,1,0,0,0,1,0,0,0,0,0,0,0,0,0,1,0
0,0.9590004400050234,0.04099955999497661,43,0,2,14,2,2,1,3,4,1,3,17159,6,0,24,4,3,1,22,3,3,4,1,1,0,0,1,0,0,1,0,0,0,0,0,0,0,0,0,1,0,0,0
0,0.8722668081399267,0.12773319186007331,37,0,2,4,1,3,1,3,1,3,3,2996,7,1,15,3,4,0,8,2,3,6,4,1,3,0,1,0,0,1,0,0,0,0,0,0,0,0,0,0,1,0,0
0,0.9513922434497664,0.04860775655023363,48,0,2,7,3,3,1,3,2,1,2,5486,4,0,11,3,1,3,15,3,3,2,2,2,2,0,0,1,0,0,1,0,0,0,0,0,0,0,0,0,0,1,0
0,0.965270021263556,0.034729978736443866,49,0,2,18,4,4,1,2,5,3,2,19502,1,1,17,3,3,1,31,5,3,31,9,0,9,0,1,0,0,1,0,0,0,0,0,0,0,0,0,1,0,0,0
1,0.07757481420768453,0.9224251857923156,29,1,2,10,3,4,0,2,1,1,1,2404,6,1,20,4,3,0,3,5,3,0,0,0,0,0,1,0,0,1,0,0,0,0,0,0,0,0,0,0,1,0,0
1,0.6769787294180527,0.3230212705819473,27,0,2,16,4,3,0,3,1,2,3,2811,9,0,14,3,2,1,4,2,3,2,2,2,2,0,1,0,0,0,0,0,0,1,0,0,1,0,0,0,0,0,0
1,0.4166994451685214,0.5833005548314786,32,1,2,9,3,1,0,3,1,1,1,4200,7,0,22,4,1,0,10,2,4,5,4,0,4,0,1,0,0,0,0,1,0,0,0,0,1,0,0,0,0,0,0
0,0.9014238722359664,0.09857612776403367,35,0,2,10,4,1,0,3,2,3,1,6142,3,1,16,3,3,0,10,4,3,5,2,0,4,0,1,0,0,0,0,1,0,0,1,0,0,0,0,0,0,0,0
0,0.9609261214112912,0.039073878588708866,33,0,3,1,3,3,0,4,2,1,3,5376,2,0,19,3,1,2,10,3,3,5,3,1,3,0,0,1,0,1,0,0,0,0,0,0,0,0,0,0,0,1,0
0,0.8100734023690129,0.189926597630987,34,0,3,22,4,3,1,2,2,4,3,5747,1,1,15,3,2,0,16,3,3,15,10,6,11,0,1,0,0,0,0,0,1,0,0,0,0,0,0,0,1,0,0
0,0.9537970620492312,0.046202937950768914,32,0,2,7,5,4,1,3,2,4,3,9204,4,0,12,3,3,1,7,3,2,4,3,0,3,0,0,1,0,0,1,0,0,0,0,0,0,0,0,0,0,1,0
0,0.9497097562341648,0.050290243765835255,32,0,2,2,4,1,0,4,2,4,1,5055,7,0,16,3,3,0,10,0,2,7,7,0,7,0,1,0,0,0,0,1,0,0,0,0,0,0,0,0,1,0,0
0,0.8075992763035352,0.1924007236964648,50,0,2,9,3,1,1,3,1,4,3,2380,4,0,18,3,2,0,8,5,3,1,0,0,0,0,1,0,0,1,0,0,0,0,0,0,1,0,0,0,0,0,0
0,0.9682079146233572,0.031792085376642736,32,0,2,8,3,3,1,4,2,4,3,6209,1,0,15,3,3,2,10,4,4,10,7,0,8,0,0,1,0,0,0,1,0,0,0,0,0,0,0,0,0,1,0
1,0.641363201325331,0.35863679867466897,24,1,3,7,3,1,0,3,1,3,3,2886,1,1,16,3,4,1,6,4,3,6,3,1,2,0,1,0,0,1,0,0,0,0,0,0,1,0,0,0,0,0,0
1,0.4392474415492179,0.5607525584507821,36,1,2,13,5,2,1,2,2,1,2,6134,5,1,13,3,2,3,16,3,3,2,2,2,2,0,0,1,0,0,1,0,0,0,0,0,0,0,0,0,0,1,0
0,0.96317737009372,0.03682262990628003,39,0,2,6,3,2,0,3,3,2,1,8376,4,0,18,3,4,0,9,3,3,2,0,2,2,0,1,0,0,1,0,0,0,0,0,0,0,0,1,0,0,0,0
0,0.9609187789721669,0.03908122102783294,35,0,2,1,3,1,0,3,2,3,1,4859,1,0,16,3,4,0,5,3,3,5,4,0,3,0,0,1,0,0,0,1,0,0,0,0,0,0,0,0,0,1,0
0,0.9658167579671914,0.03418324203280867,31,0,2,7,4,4,1,3,2,4,2,5915,3,0,22,4,4,1,10,3,2,7,7,1,7,0,1,0,0,1,0,0,0,0,0,0,1,0,0,0,0,0,0
0,0.9350615741226346,0.06493842587736537,32,0,1,26,4,3,1,3,2,4,3,4465,0,0,18,3,1,0,4,2,3,3,2,2,2,0,0,1,0,0,1,0,0,0,0,0,0,0,0,0,0,1,0
0,0.9531211620051148,0.0468788379948853,48,0,2,16,4,3,0,3,2,3,2,6439,8,0,14,3,3,1,18,2,3,8,7,7,7,0,0,1,0,1,0,0,0,0,0,0,0,0,0,0,0,1,0
0,0.9666638146882228,0.03333618531177705,41,0,2,7,2,2,0,4,1,3,3,3376,1,0,13,3,3,0,10,3,3,10,6,0,8,0,1,0,0,0,0,0,0,1,0,0,0,0,0,0,1,0,0
0,0.9652026872944124,0.034797312705587634,43,0,2,11,3,1,1,3,3,3,3,7510,1,0,17,3,2,1,10,1,3,10,9,0,9,0,1,0,0,1,0,0,0,0,1,0,0,0,0,0,0,0,0
0,0.9167738086253636,0.08322619137463633,35,0,3,18,5,2,1,3,3,1,3,9069,1,0,22,4,4,1,9,3,2,9,8,1,8,0,0,1,0,1,0,0,0,0,0,0,0,0,0,0,0,1,0
1,0.5668430609479154,0.4331569390520846,47,0,2,2,4,4,0,2,1,4,1,3294,1,1,18,3,1,0,3,3,2,3,2,1,2,0,0,1,0,1,0,0,0,0,0,0,0,0,0,0,0,0,1
0,0.9382782877472524,0.06172171225274775,54,0,2,19,4,4,0,3,2,1,2,5485,9,1,11,3,2,2,9,4,3,5,3,1,4,0,1,0,0,0,0,1,0,0,0,0,0,0,1,0,0,0,0
0,0.8985603366759314,0.1014396633240686,26,0,2,6,3,3,0,3,1,4,3,2659,1,1,13,3,3,1,3,2,3,3,2,0,2,0,1,0,0,1,0,0,0,0,0,0,1,0,0,0,0,0,0
1,0.24805039615947103,0.751949603840529,22,1,3,4,1,3,1,2,1,3,1,3894,5,0,16,3,3,0,4,3,3,2,2,1,2,0,1,0,0,0,0,0,0,1,0,0,1,0,0,0,0,0,0
0,0.9657647310754128,0.03423526892458733,28,0,2,1,3,3,1,3,1,4,3,2044,1,0,11,3,3,1,5,6,4,5,3,0,3,0,1,0,0,1,0,0,0,0,0,0,0,0,0,0,1,0,0
0,0.9397298280250628,0.060270171974937274,23,0,2,4,3,1,1,4,1,1,3,2819,2,0,16,3,1,1,5,3,4,3,2,0,2,0,1,0,0,0,0,1,0,0,0,0,0,0,0,0,1,0,0
0,0.9470003035793566,0.05299969642064342,46,0,2,2,4,2,0,3,5,1,1,18947,3,0,12,3,4,0,22,2,2,2,2,2,1,0,0,1,0,0,1,0,0,0,0,0,0,1,0,0,0,0,0
0,0.953208141442745,0.04679185855725502,55,0,2,1,3,4,1,3,5,1,1,19045,0,1,14,3,3,0,37,2,3,36,10,4,13,0,1,0,0,0,0,1,0,0,0,0,0,1,0,0,0,0,0
0,0.9410196746741094,0.058980325325890565,35,0,2,6,1,3,1,3,1,3,3,3506,0,1,14,3,4,0,4,3,3,3,2,2,2,0,1,0,0,1,0,0,0,0,0,0,0,0,0,0,1,0,0
0,0.9698727282213816,0.03012727177861847,35,0,1,2,2,2,1,3,2,4,2,5762,2,0,14,3,3,1,15,6,3,7,7,1,7,0,1,0,0,0,0,1,0,0,0,0,0,0,1,0,0,0,0
0,0.9055939551054746,0.09440604489452548,31,1,2,22,4,4,1,3,2,3,3,6179,1,1,15,3,4,2,10,3,2,10,2,6,7,0,1,0,0,0,0,1,0,0,0,0,0,0,1,0,0,0,0
0,0.9631282541592276,0.0368717458407723,46,0,2,3,3,1,0,4,4,1,2,13225,2,0,12,3,4,1,25,5,3,19,17,2,8,0,0,1,0,0,0,0,0,1,0,0,0,0,0,0,0,1,0
0,0.962000394103132,0.03799960589686812,36,0,2,3,3,1,0,2,3,4,3,7644,0,0,19,3,3,2,10,2,3,9,7,3,4,0,0,1,0,0,0,1,0,0,0,0,0,0,0,0,0,1,0
0,0.953844572342258,0.04615542765774209,34,0,2,1,2,2,1,2,1,4,3,3622,1,1,13,3,4,1,6,3,3,6,5,1,3,0,1,0,0,1,0,0,0,0,0,0,0,0,0,0,1,0,0
1,0.3977582575293793,0.6022417424706207,31,1,2,6,4,2,1,1,2,3,3,6172,4,1,18,3,2,0,12,3,2,7,7,7,7,0,0,1,0,1,0,0,0,0,0,0,0,0,0,0,0,1,0
0,0.9627498128396671,0.037250187160333,38,0,2,2,4,4,1,3,2,3,3,6553,9,0,14,3,2,0,14,3,3,1,0,0,0,0,1,0,0,1,0,0,0,0,0,0,0,0,1,0,0,0,0
0,0.9534116886686308,0.04658831133136915,40,0,2,8,2,2,0,3,2,1,3,6516,2,1,16,3,2,1,18,3,3,1,0,0,0,0,1,0,0,1,0,0,0,0,0,0,0,0,1,0,0,0,0
